legacy_id	article	receipt_name	group
100	П8	"Кольє з панцирного ланцюжка"	"2 группа"
104	Ч9.0	"Чарівний чокер з серцем"	"3 группа"
106	Ч10	"Чокер з японського бісеру з мінімалістичним акцентом"	"3 группа"
108	Ч25	"Ніжний чокер з золотистими вставками"	"3 группа"
112	Ч110	"Вишуканий чокер з серцем"	"3 группа"
113	Б53.1	"Витончений браслет"	"3 группа"
114	С50	Сережки	"2 группа"
118	"Ч87.літера перламутр"	"Чокер з літерою"	"2 группа"
120	С31.1	Сережки-трансформери	"3 группа"
122	Ч2	"Ніжний чокер"	"3 группа"
126	С63	"Сережки з конюшинами"	"2 группа"
127	Ч2.С	"Вишуканий чокер"	"3 группа"
128	Б53.С	"Витончений браслет"	"3 группа"
129	Ч87.С	"Чокер з прозорого каміння"	"2 группа"
130	Б78.С	"Браслет з прозорих камінців"	"2 группа"
131	С50.С	"Сережки срібло"	"2 группа"
132	С16.4C	Сережки-трансформери	"3 группа"
133	К11.C	"Кольє з акцентною застібкою"	"3 группа"
134	Ч23.C	"Комбінований чокер"	"3 группа"
135	Ч74.С	"Чокер з сяючих чорних камінців"	"3 группа"
136	Б66.С	"Комбінований браслет"	"3 группа"
138	Ч111.C	"Мінімалістичний чокер"	"3 группа"
139	К1.2.C	"Кольє з застібкою тогл та кулоном сонце"	"3 группа"
140	Б2.2.С	"Браслет з кулоном та застібкою тогл"	"3 группа"
141	С7	"Сережки колоски"	"2 группа"
142	Ч49	"Білий чокер"	"3 группа"
143	СО.ТС	"Базові сережки"	"2 группа"
144	П2	"Кольє з серцем"	"2 группа"
145	С20	"Ніжні сережки"	"3 группа"
146	П6	"Кольє з цікавою застібкою"	"2 группа"
148	СХІТ	"Сережки зі зйомними звенами"	"2 группа"
152	Ц2	"Кольє з ланцюжка з кулоном серце"	"2 группа"
153	Ц2.C	"Кольє з ланцюжка з кулоном серце"	"2 группа"
154	Ч17	"Вишуканий комбінований чокер"	"3 группа"
156	С59	"Вишукані сережки з кульками"	"2 группа"
157	К51	"Кольє з крупним зеленим камінням та ланцюжком"	"3 группа"
158	К30.1	"Кольє з ланцюжком з крупним кулоном"	"3 группа"
159	С11	"Ніжні сережки"	"3 группа"
162	R1	"Каблучка ланцюжок з серцем"	"2 группа"
163	R-2	"Тендітна  каблучка"	"3 группа"
164	R2.С	"Ніжна каблучка з кулькою срібного кольору"	"3 группа"
165	R3.С	"Каблучка з кулькою срібного кольору"	"3 группа"
167	Ч87.1	"Чокер з прозорих камінців з кулоном"	"2 группа"
168	R4	"Каблучка у чорному кольорі"	"3 группа"
173	Ц900.С	"Кольє з акцентного ланцюжка"	"2 группа"
174	С900.С	"Сережки-трансформери зі зйомними звенами"	"2 группа"
175	Б900.С	"Браслет з акцентного ланцюжка"	"2 группа"
176	Ц903.C	"Кольє біколор з акцентного ланцюжка"	"2 группа"
177	Б903.С	"Браслет біколор з акцентного ланцюжка"	"2 группа"
178	Ч74	"Чокер  у чорному кольорі"	"3 группа"
179	Ч101	"Блискучий чокер у золотому кольорі"	"3 группа"
180	Ч101.C	"Блискучий чокер у срібному кольорі"	"3 группа"
181	Ч75.літачок	"Сяючий чокер у чорному кольорі з кулоном"	"3 группа"
182	"Ч75. маленький компас"	"Чокер у чорному кольорі з кулоном"	"3 группа"
184	"Ч85.маленький компас"	"Чокер з сяючих камінців з кулоном"	"3 группа"
185	Ц7	"Ефектний ланцюжок з кулоном"	"3 группа"
186	Ц22.П	"Вишуканий ланцюжок краватка"	"3 группа"
187	"Ч85.лунниця з фіанітами"	"Чокер з неповторним блиском"	"3 группа"
188	"Ч 13.1"	"Чокер з Вашою літерою"	"3 группа"
191	"С 30"	"Сережки протяжки"	"3 группа"
193	С85	"Вишукані сережки"	"3 группа"
194	Ч55.2	"Чокер з японського бісеру з кулоном"	"2 группа"
195	"Ч55.маленький компас"	"Чокер з японського бісеру з кулоном"	"2 группа"
196	"П 4.C"	"Кольє з ланцюжка"	"2 группа"
197	П-6.1	"Кольє з ланцюжка з кулоном серце"	"2 группа"
198	Ч9.0.С	"Ніжний чокер з серцем у срібному кольорі"	"3 группа"
199	К-23.1.С	"Кольє трансформер з ланцюжком"	"3 группа"
200	К-23.2.С	"Кольє трансформер"	"3 группа"
201	Ч-110.С	"Чокер з серцем у срібному кольорі"	"3 группа"
202	Ч-12.1.C	"Тендітний чокер з додаванням бісеру"	"3 группа"
203	П4	"Кольє з ланцюжка"	"2 группа"
204	R5.С	"Чарівна каблучка з кулькою срібного кольору"	"3 группа"
206	К-1.0	"Мінімалістичне кольє з білим серцем"	"3 группа"
207	А10.1	"Ніжний анклет"	"3 группа"
212	"С 4"	"Набір прикрас"	"3 группа"
217	ЧШ5	"Коричневий шнур з кулоном серце"	"2 группа"
219	Ц27.2	"Подвійне кольє з кольоровим камінням"	"3 группа"
220	С31.1	"Базові сережки зі з'ємними підвісками"	"3 группа"
221	Б-3.2	"Браслет з кольоровими акцентами"	"3 группа"
225	Ч-48.0	"Мінімалістичний чокер з Вашою літерою"	"3 группа"
233	Ч2.3	"Чокер з  кулоном сонце"	"3 группа"
235	А12	"Тендітний анклет"	"3 группа"
236	А25	"Анклет з японського бісеру"	"2 группа"
237	А-52	"Витончений анклет"	"2 группа"
239	К55.1	"Сяюче кольє у чорному кольорі з серцем"	"3 группа"
240	К-23	"Кольє-трансформер з білим серцем"	"3 группа"
241	ЧШ2.1	"Бежевий шнур з кулоном"	"2 группа"
242	ЧШ3	"Тонкий чорний шнур з літерою"	"2 группа"
243	Б53.2	"Браслет з білим серцем"	"3 группа"
249	С91	"Сережки з підвісками сонце"	"2 группа"
251	Ч65	"Чокер у  синьому кольорі з кулоном"	"3 группа"
253	К1.3	"Ніжне кольє з Вашою літерою"	"3 группа"
254	К64	"Стильне багатошарове кольє"	"3 группа"
255	К65	"Комбіноване кольє з ланцюжками та кулоном у чорному кольорі"	"2 группа"
256	К66	"Комбіноване кольє біколор"	"3 группа"
257	К67	"Комбіноване кольє-трансформер"	"3 группа"
259	С11.2	"Ніжні сережки"	"3 группа"
261	КО1	"Комплект: чокер та сережки"	"3 группа"
262	"К1.2, Б2.1,С85"	"Комплект: кольє з акцентним кулоном, браслет та сережки"	"3 группа"
265	К12.4,Б5.4	"Комплект з акцентною застібкою"	"3 группа"
266	Ч75.2,Ч54	"Комплект з двох чокерів: у чорному кольорі з кулоном та японського бісеру"	"3 группа"
267	С61	"Сережки-трансформери зі з'ємними підвісками"	"2 группа"
268	Ч36,С86	"Комбінований ніжний чокер та сережки"	"2 группа"
269	Ч101.2С,С8	"Комплект з блискучого чокеру у срібному кольорі та сережок"	"2 группа"
27	К1	"Кольє з білим серцем"	"3 группа"
271	Ц903,Б903,С903	"Комплект з ланцюжка у стилі біколор"	"2 группа"
275	КО.К22	"Комплект: кольє з ланцюжком, сережки та браслет"	"3 группа"
278	Ч18	"Вишуканий ніжний чокер"	"3 группа"
279	КО.Ч23	"Комплект: комбінований чокер, сережки та браслет"	"3 группа"
28	К11	"Кольє з акцентною застібкою"	"3 группа"
29	К12	"Кольє з акцентною застібкою"	"3 группа"
300	С95	Сережки-трансформери	"2 группа"
302		"Набір прикрас"	"3 группа"
304	А100	"Тендітний анклет"	"2 группа"
305	А96	"Акцентний анклет з серцем"	"2 группа"
306	А76.1	"Мінімалістичний анклет з ланцюжка"	"2 группа"
308	А44	"Сяючий анклет у чорному кольорі"	"3 группа"
309	А43	"Блискучий анклет у золотому кольорі"	"3 группа"
310	А43С	"Блискучий анклет у срібному кольорі"	"3 группа"
311	R3.1	"Каблучка з серцем"	"3 группа"
313	Б22.0С	"Браслет з серцем"	"3 группа"
314		"Набір прикрас"	"3 группа"
316	А-22.0С	"Анклет з серцем"	"3 группа"
317	А12.1	"Анклет на ніжку"	"3 группа"
318	А99	"Комбінований анклет"	"3 группа"
32	Ч3	"Чокер з Вашою літерою"	"3 группа"
320	Б44	"Браслет з сяючого чорного каміння"	"3 группа"
321	К60	"Кольє з  ланцюжком та кулоном із застібкою тогл"	"3 группа"
323	Ч2.25	"Кольє з імітацією краватки"	"3 группа"
325	С25	Сережки-транформери	"2 группа"
326	С66	"Сережки космічні сонця"	"2 группа"
327	Ч36	"Комбінований стильний чокер з серцями"	"3 группа"
328	Б96	"Браслет з серцем"	"2 группа"
329	СО.Т	"Базові сережки"	"2 группа"
330	СО.Іл	"Базові сережки"	"2 группа"
331	Б87	"Комбінований багатошаровий браслет"	"3 группа"
332	С339	"Сережки з англійською застібкою"	"2 группа"
333	Б6	"Браслет у ліловому кольорі"	"3 группа"
334	С62	"Вишукані сережки з білими серцями"	"2 группа"
335	Ц-7,С31.0,Б72	"Комплект з ланцюжка"	"2 группа"
336	Б94	"Подвійний браслет з вкрапленням"	"3 группа"
339		"Набір прикрас"	"3 группа"
341		"Набір прикрас"	"3 группа"
342	К55.2	"Кольє з блискучих камінців з кулоном"	"2 группа"
343		"Набір прикрас"	"3 группа"
349	Б2.0	"Ніжний браслет з застібкою тогл та серцем"	"3 группа"
35	Ч23.1	"Чокер з  серцями"	"3 группа"
350	Б72	"Браслет з ланцюжка зі звичайною застібкою"	"2 группа"
351	Ч1.2	"Чокер з японського бісеру з кольоровим акцентом"	"3 группа"
352	С75	Сережки	"3 группа"
353	Ч20	"Чокер з серцем"	"3 группа"
354	К83.2	"Комбіноване кольє з ланцюжками та кулоном"	"2 группа"
355	К83.4	"Комбіноване кольє з ланцюжками та кулоном"	"2 группа"
357	К89	"Кольє бантик"	"2 группа"
358	К83.1	"Комбіноване прозоре кольє з ланцюжками та пташкою"	"2 группа"
359	К83	"Комбіноване рожеве кольє з ланцюжками та кулоном"	"2 группа"
360	К83.7	"Комбіноване кольє з ланцюжками та кулоном"	"2 группа"
363	К98	"Комбіноване акцентне кольє з ланцюжками"	"2 группа"
364	Ч11М.С	"Ніжний вишуканий чокер"	"3 группа"
365	Ч98.1С.М	"Яскравий мінімалістичний чокер у блакитному кольорі"	"3 группа"
366	Ч23.1М	"Чокер з серцями"	"3 группа"
367	Б23.1М	"Браслет з серцями"	"3 группа"
368	Ч25М	"Незвичайний чокер гарної форми"	"3 группа"
369	К104	"Кольє з серцем та ланцюжками"	"2 группа"
37	Ц22	Ланцюжок-краватка	"3 группа"
371	К94.1	"Комбіноване рожеве кольє з ланцюжками та кулоном"	"2 группа"
372	С219.2	"Сережки гвіздочки з серцями"	"2 группа"
373	Б86.1	"Браслет  у рожевому кольорі"	"2 группа"
374	С99	"Сережки у рожевому кольорі"	"2 группа"
375	К86	"Комбіноване кольє з ланцюжками та кулоном"	"2 группа"
376	С98	Сережки-трансформери	"2 группа"
377	Б86.2	"Браслет у білому кольорі"	"2 группа"
379	К93М	"Мінімалістичне кольє з білим серцем"	"3 группа"
38	Б3	"Потрійний браслет"	"3 группа"
383	С95.2С	Сережки-трансформери	"2 группа"
384	Ц22.1	"Ланцюжок-краватка з кольоровим камінням"	"3 группа"
385	С21.1	"Сережки гвіздочки з кольоровим камінням"	"3 группа"
386	Б94.1	"Подвійний браслет з кольоровим вкрапленням"	"3 группа"
387	К81	"Мінімалістичне кольє з серцем"	"3 группа"
390	Б110	"Ніжний браслет з серцем"	"3 группа"
391	Ц22.2	"Ланцюжок-краватка з камінням чорного кольору"	"3 группа"
393	Б94.2	"Подвійний браслет з вкрапленням чорного каміння"	"3 группа"
397	Ч98С.М	"Яскравий мінімалістичний чокер у зеленому кольорі"	"3 группа"
398	Б11М.С	"Вишуканий браслет"	"3 группа"
399	Ч48М	"Базовий витончений чокер"	"3 группа"
40	Б2	"Браслет з білим серцем"	"3 группа"
400	Б105М	"Ніжний браслет"	"3 группа"
402	Ч12.1,Ч55.2,С19	"Комплект з двох чокерів та сережок"	"3 группа"
403	Ч55.5	"Чокер з японського бісеру з кулоном"	"2 группа"
404	Б103	"Браслет з горлицею"	"3 группа"
405	Ч29	"Комбінований чокер з акцентною намистиною"	"2 группа"
406	С53.1	Сережки-трансформери	"2 группа"
407	Б67	"Комбінований браслет з акцентною намистиною"	"2 группа"
409	ЧШ14	"Ніжний чокер шнурівка з кулоном"	"2 группа"
41	Б4	"Браслет з акцентною застібкою"	"3 группа"
413	Ч48.1	"Ніжний базовий чокер"	"3 группа"
414	К109С	"Кольє з кулоном сонце"	"2 группа"
416	К12.4	"Кольє з акцентною застібкою"	"3 группа"
417	К100С	"Кольє з серцем у рожевому кольорі"	"2 группа"
419	К109	"Кольє з кулоном сонце"	"2 группа"
420	К55.С	"Сяюче кольє з сонцем"	"3 группа"
421	С105	"Сережки-трансформери з конюшиною"	"2 группа"
422	Б105.1	"Комбінований браслет у зеленому кольорі"	"2 группа"
423	К110	"Кольє з серцем"	"2 группа"
424	С110.С	"Сережки серця"	"2 группа"
425	Ч125	"Чокер з серцем у блакитному кольорі"	"2 группа"
426	С107.1	"Сережки з блакитними серцями"	"2 группа"
427	Б125.0	"Браслет блакитного кольору з серцем"	"2 группа"
43	Ч112	"Мінімалістичний чокер з Вашою літерою"	"3 группа"
430	Б124	"Витончений браслет"	"2 группа"
431	R22	Каблучка	"2 группа"
432	Ч125.1	"Чокер з серцем у рожевому кольорі"	"2 группа"
433	К112	"Кольє з сонцем"	"2 группа"
434	К83.11С	"Кольє з сонцем"	"2 группа"
435	Ч124	"Тендітний чокер з серцем"	"2 группа"
436	Ч124.1	"Чокер з серцем у рожевому кольорі"	"2 группа"
437	С125.1	"Сережки з рожевими серцями"	"2 группа"
439	К119	"Комбіноване кольє з ланцюжками"	"2 группа"
44	Ч54	"Чокер з японського бісеру"	"2 группа"
441	Ч129	"Ніжний чокер з колоском"	"2 группа"
444	К55.4	"Кольє у чарівному синьому кольорі"	"3 группа"
447	Ц43	"Ланцюжок-краватка з регулятором"	"2 группа"
448	Б91	"Стильний браслет з регулятором"	"2 группа"
449	К101	"Кольє з білим серцем"	"2 группа"
45	ч75.1	"Чокер у чорному кольорі з кулоном"	"3 группа"
450	С108	"Сережки-гвіздочки з серцями"	"2 группа"
451	К83.С	"Комбіноване рожеве кольє з ланцюжками та кулоном"	"2 группа"
452	С5.22С	"Сережки з пташками"	"2 группа"
453	К83.2С	"Комбіноване кольє з ланцюжками та пташкою"	"2 группа"
454	К88	"Кольє з білим серцем"	"2 группа"
455	К100.1С	"Кольє з серцем"	"2 группа"
456	К103	"Комбіноване кольє з ланцюжками та кулоном"	"2 группа"
457	С107.3С	"Сережки з серцями"	"2 группа"
458	R7	"Каблучка з ланцюжком"	"3 группа"
459	Б116	"Браслет з ніжним акцентом"	"3 группа"
46	Ц6.С	"Кольє з ланцюжка зі з'ємним кулоном"	"3 группа"
460	Ч115.4	"Ніжний чокер з акцентом білого кольору"	"3 группа"
461	Ч115.6	"Ніжний чокер з акцентом рожевого кольору"	"3 группа"
462	Ч115.5	"Ніжний чокер з акцентом зеленого кольору"	"3 группа"
464	Ч115	"Ніжний чокер на прозорій основі"	"3 группа"
465	Ч115.1	"Ніжний чокер на прозорій основі"	"3 группа"
466	Ч115.2	"Ніжний чокер на прозорій основі"	"3 группа"
468	ЧШ8	"Чорний шнур з горлицею"	"2 группа"
474	К61С	"Кольє зі з'ємним кулоном"	"3 группа"
476	К1	"Кольє з білим серцем"	"3 группа"
479	К116	"Кольє з серцем у чорному кольорі"	"2 группа"
48	С16.4	Сережки-трансформери	"3 группа"
480	К115	"Кольє з акцентним кулоном"	"2 группа"
481	Ц23С	"Ланцюжок-краватка з кульками"	"2 группа"
482	К113	"Кольє з серцем  у чорному кольорі"	"2 группа"
483	К114	"Кольє з цікавим з'ємним ланцюжком"	"2 группа"
484	К60.2	"Кольє з ланцюжком та акцентним кулоном"	"3 группа"
485	С107.3	"Сережки з серцями"	"2 группа"
486	К100.1	"Кольє з серцем"	"2 группа"
487	Ч113	"Чокер широка змійка"	"2 группа"
488	С87	"Акцентні сережки"	"2 группа"
489	С89	"Сережки протяжки"	"2 группа"
491	С84	"Крупні сережки овали"	"2 группа"
493	Ц101	"Ланцюжок змійка"	"2 группа"
494	Ч206	"Різнобарвний чокер з намистиною"	"3 группа"
495	ЧШ1	"Чорний шнур з кулоном"	"2 группа"
497	К70С	"Стильне кольє з різними ланцюжками та серцем"	"2 группа"
498	Ц29С	"Кольє з універсального ланцюжка з невидимою застібкою"	"2 группа"
499	С50.1С	"Сережки трансформери"	"2 группа"
50	СХіт.2	Сережки-трансформери	"2 группа"
501	Ч116	"Чокер з ніжним акцентом"	"3 группа"
502	С16.3	Сережки-трансформери	"3 группа"
503	П8.1	"Ланцюжок з акцентною застібкою"	"2 группа"
504	Ц43	"Ланцюжок-краватка з регулятором"	"2 группа"
505	К1.1	"Ніжне кольє з акцентною застібкою та кулоном"	"3 группа"
506	Ц45	"Кольє з ланцюжків біколор"	"2 группа"
508	"Ц45, СО.Т"	"Комплект з кольє біколор та сережки"	"2 группа"
509	"Ч113, С87, R8"	"Комплект з акцентного чокеру, сережок та каблучки"	"2 группа"
51	С31	"Сережки зі з'ємними підвісками"	"3 группа"
510	Ц101,С87	"Комплект ланцюжок змійка та сережки"	"2 группа"
511	К85	"Кольє з акцентною застібкою та кулоном"	"2 группа"
513	К123	"Ніжне кольє з акцентною застібкою та кулоном"	"2 группа"
514	С123	Сережки-трансформери	"2 группа"
515	К30	"Кольє з ланцюжком з сонцем"	"3 группа"
516	Ч118	"Вишуканий чокер з сонцем"	"2 группа"
517	С52.1	"Базові сережки"	"2 группа"
518	К121	"Кольє з акцентним з'ємним кулоном з ланцюжків"	"3 группа"
519	К61	"Кольє зі з'ємним кулоном"	"3 группа"
520	K28.1	"Кольє з ланцюжком і застібкою тогл"	"3 группа"
521	К86	"Комбіноване кольє з ланцюжками та кулоном"	"2 группа"
522	Ч117К	"Ніжний чокер з горлицею"	"3 группа"
523	С5.23	"Сережки горлиці"	"2 группа"
524	Ч115.7	"Чокер з акцентом на прозорій основі"	"2 группа"
526	Ч9	"Чокер з серцем"	"3 группа"
527	С70	"Сережки гвіздочки"	"3 группа"
528	К122	"Кольє  з ланцюжками та кулоном"	"2 группа"
529	С114	Сережки-трансформери	"2 группа"
530	С125.2	"Сережки з серцями"	"2 группа"
531	Ч12.1	"Ніжний чокер"	"3 группа"
532	Ч101.1С	"Сяючий чокер у срібному кольорі з кулоном сонце"	"3 группа"
533	С339С	"Сережки з англійською застібкою"	"2 группа"
536	Б2.1	"Витончений браслет"	"3 группа"
537	Б97	"Сяючий браслет з додаванням бісеру у чорному кольорі"	"3 группа"
538	Б43	"Блискучий браслет у золотому кольорі"	"3 группа"
539	Б66	"Вишуканий комбінований браслет"	"3 группа"
54	К1.2	"Кольє з кулоном сонце та акцентною застібкою"	"3 группа"
540	Б53.1	"Ніжний браслет"	"3 группа"
541	Б101	"Акцентний браслет"	"3 группа"
542	Б38.1	"Вишуканий яскравий браслет"	"3 группа"
543	Б89С	"Комбінований браслет з ланцюжками у чорному кольорі"	"2 группа"
544	Б86.2	"Браслет у білому кольорі"	"2 группа"
545	Б117	"Браслет чорного кольору"	"2 группа"
546	Б98	"Браслет з ланцюжка"	"2 группа"
547	К83.3	"Кольє у зеленому кольорі з кулоном"	"2 группа"
548	С105.1	"Сережки з космічним сонцем"	"2 группа"
549	"Ч12.1, Ч55.1, С5.22"	"Комплект з двох чокерів та сережки"	"3 группа"
55	Ц24	"Витончений ланцюжок-краватка"	"3 группа"
550	Ц50	"Краватка з кульками"	"2 группа"
551	Ч101.1	"Сяючий чокер у золотому кольорі з кулоном сонце"	"3 группа"
552	С19	"Витончені сережки"	"3 группа"
553	"Ч117К, С5.23"	"Комплект з горлицями"	"3 группа"
555	Б119	"Комбінований браслет з ланцюжком"	"2 группа"
556	С119	"Сережки серця"	"2 группа"
557	С22	"Довгі сережки гвіздочки з кульками"	"2 группа"
558	Ч55.1	"Чокер з японського бісеру з пташкою"	"2 группа"
559	К105	"Комбіноване кольє у зеленому кольорі з ланцюжками"	"2 группа"
56	Ц1	"Кольє з кулоном біле серце"	"2 группа"
560	К117С	"Акцентне кольє з ланцюжками"	"2 группа"
561	К70	"Стильне кольє з різними ланцюжками та серцем"	"2 группа"
562	С95.2	Сережки-трансформери	"2 группа"
563	Б105.1	"Комбінований браслет з ланцюжками"	"2 группа"
564	С5.22	"Сережки з пташками"	"2 группа"
565	Б89	"Комбінований браслет з ланцюжками у чорному кольорі"	"2 группа"
566	R8	"Акцентна каблучка"	"2 группа"
567	R10.1	"Каблучка з кульками"	"2 группа"
568	R9	"Стильна каблучка"	"2 группа"
57	"Ц27.3 з перлинами"	"Подвійне кольє з ніжними вставками"	"3 группа"
571	С83	"Акцентні сережки"	"2 группа"
572	ЧШ5.1	"Чорний шнур з кулоном"	"2 группа"
575	Ц51	"Краватка трансформер з кульками"	"2 группа"
576	Ц51С	"Краватка трансформер з кульками"	"2 группа"
577	Ч97	"Кольоровий чокер"	"2 группа"
578	С53	"Кольорові сережки"	"2 группа"
579	Ч87.0	"Сяючий мінімалістичний чокер"	"2 группа"
580	Б23	"Браслет з кульками"	"2 группа"
581	С23.0	"Сережки гвіздочки з кульками довгі"	"2 группа"
583	С900.1С	"Акцентні сережки біколор на гвіздочках"	"2 группа"
584	Б86.3	"Браслет у білому кольорі"	"2 группа"
585	Б86.3С	"Сяючий браслет"	"2 группа"
586	Ч131С	"Чокер у чорному кольорі з серцем"	"2 группа"
588	Ц55С	"Стильна краватка з серцем"	"2 группа"
589	К114.1	"Кольє в чорному кольорі зі з'ємною краваткою"	"2 группа"
590	С35С	"Сережки з кульками"	"2 группа"
591	С35	"Вишукані сережки з кульками"	"2 группа"
592	Ц27.4	"Подвійне кольє з  чорним камінням"	"3 группа"
593	С21.2	"Сережки гвіздочки"	"3 группа"
594	К127.1	"Акцентне блискуче кольє"	"2 группа"
595	С127.1	"Сережки гвіздочки"	"2 группа"
596	К126	"Вишукане кольє"	"2 группа"
597	С71.2	"Вишукані сережки"	"2 группа"
599	"Ц55, С117, R55"	"Комплект з серцями"	"2 группа"
600	Ц9	Ланцюжок-краватка	"2 группа"
601	Ч140	"Чокер з літерою"	"2 группа"
602	С9.1	"Сережки гвіздочки"	"2 группа"
604	Ч124	"Сяючий чокер з серцем"	"2 группа"
605	Ч156	"Чокер з квіткою"	"2 группа"
606	К83.10	"Кольє  з колоском та ланцюжками"	"2 группа"
607	Ц23	"Ланцюжок-краватка з кульками"	"2 группа"
608	Ч124.1	"Чокер з серцем у рожевому кольорі"	"2 группа"
609	К157	"Комбіноване кольє з ланцюжками та кулоном"	"2 группа"
611	Ч158	"Тендітне подвійне кольє з серцем"	"2 группа"
615	К155	"Вишукане кольє з серцем"	"2 группа"
617	Ц55	"Стильна краватка з серцем"	"2 группа"
623	К83.9	"Кольє у зеленому кольорі з кулоном"	"2 группа"
624	С41.2	"Сережки серця"	"2 группа"
627	С131С	"Сережки з серцями"	"2 группа"
628	С223	"Сережки з синіми квітами"	"2 группа"
629	С155	"Сережки з рожевими серцями"	"2 группа"
630	R55	"Акцентна каблучка"	"2 группа"
632	К86.1	"Комбіноване кольє з ланцюжками та кулоном"	"2 группа"
633	Б124.1	"Витончений браслет"	"2 группа"
634		"Витончений браслет"	"3 группа"
635	Б39.1	"Вишуканий браслет"	"2 группа"
636	Б39	"Вишуканий браслет"	"2 группа"
637	С55.4	"Сережки з серцями"	"2 группа"
638	С107.4С	"Сережки з серцями"	"2 группа"
639	С117	"Вишукані сережки з серцями"	"2 группа"
640	R55С	"Акцентна каблучка"	"2 группа"
641	С117C	"Вишукані сережки з серцями"	"2 группа"
643	Б55.4	"Вишуканий яскравий браслет"	"3 группа"
644	Б38.1C	"Вишуканий яскравий браслет"	"3 группа"
645	С222.С	"Романтичні сережки серця"	"2 группа"
646	Ц9С	Ланцюжок-краватка	"2 группа"
648	Б78	"Браслет з прозорих камінців"	"2 группа"
650	С99.4	"Сережки у блакитному кольорі"	"2 группа"
651	Б56	"Вишуканий яскравий браслет"	"3 группа"
652	С11.С	"Ніжні сережки"	"3 группа"
653	С19.С	"Витончені сережки"	"3 группа"
654	Б43С	"Блискучий браслет"	"3 группа"
655	С16.3С	Сережки-трансформери	"3 группа"
656	Ч124С	"Сяючий чокер з серцем"	"2 группа"
657	Б124С	"Витончений браслет"	"2 группа"
658	С124.2С	"Сережки гвіздочки"	"2 группа"
660	"К83.10, С7"	"Комплект з колосками"	"2 группа"
661	"К86, С98"	"Комплект з серцями"	"2 группа"
662	"К100.1, С107.3"	"Комплект з серцями"	"2 группа"
663	"Ц55, С117, R55"	"Комплект з серцями"	"2 группа"
664	"К83.3, С66"	"Комплект: кольє у зеленому кольорі та сережки"	"2 группа"
665	"Ч110, Б110"	"Комплект: вишуканий чокер з серцем та браслет"	"3 группа"
666	"Ч48.1, Ч55.пташка, С 5.22"	"Комплект: базовий чокер, чокер з бісеру з кулоном та сережки"	"3 группа"
667	С95.4	Сережки-трансформери	"2 группа"
668	К162С	"Комбіноване кольє з ланцюжками та кулоном"	"2 группа"
669	К159	"Комбіноване кольє з ланцюжками та кулоном у чорному кольорі"	"2 группа"
67	Б5	"Браслет з застібкою тогл"	"3 группа"
670	К100	"Кольє з серцем"	"2 группа"
671	С9.1С	"Сережки гвіздочки"	"2 группа"
672	Ч142	"Чокер з  кулоном серце"	"3 группа"
673	К114.2	"Кольє з цікавим з'ємним ланцюжком"	"2 группа"
674	Ч138	"Сяючий чокер з пташкою"	"2 группа"
675	Б86.4	"Браслет  у рожевому кольорі"	"2 группа"
676	Ч150	"Вишуканий ніжний чокер"	"3 группа"
677	К55.1,С95	"Комплект: кольє та сережки"	"3 группа"
678	"Ч101.1С, С38С, Б43С"	"Комплект: чокер, сережки та браслет"	"3 группа"
679	С107	"Сережки з серцями"	"2 группа"
68	Б30.С	"Браслет з акцентною застібкою"	"2 группа"
680	"К86, Б86.3, С107.3"	"Комплект: кольє, браслет та сережки"	"2 группа"
681	С23.0С	"Сережки гвіздочки з кульками довгі"	"2 группа"
682	К55.8С	"Кольє з блискучих камінців з кулоном"	"2 группа"
683	С95.3.С	Сережки-трансформери	"2 группа"
684	Ц27	"Подвійне кольє з червоним камінням"	"3 группа"
685	К155.1	"Вишукане кольє з зіркою"	"2 группа"
686	С132	Сережки	"2 группа"
687	Ч171	"Чокер у білому кольорі з лунницею"	"2 группа"
688	С171	"Подовжені  сережки у білому кольорі"	"2 группа"
689	"Ч135.1, Ч81.2"	"Комплект з двох чокерів: у синьому кольорі та японського бісеру з  кулоном"	"3 группа"
69	С222.СЗ	"Сережки біколор з серцями"	"2 группа"
690	К120.1	"Комбіноване кольє з ланцюжками"	"2 группа"
691	С120.2	"Сережки з космічним сонцем"	"2 группа"
694	"Ц162.3, С162.3"	"Комплект: ланцюжок-краватка та сережки"	"3 группа"
695	"Ц162.1, С162.1"	"Комплект: ланцюжок-краватка та сережки"	"3 группа"
696	"Ц162.4, С162.4"	"Комплект: ланцюжок-краватка та сережки"	"3 группа"
698	"Ц162, С162"	"Комплект: ланцюжок-краватка та сережки"	"3 группа"
699	"Ц162.2, С162.2"	"Комплект: ланцюжок-краватка та сережки"	"3 группа"
70	С222	"Сережки серця біколор"	"2 группа"
700	К121.1	"Кольє зі з'ємним тонким ланцюжком позаду"	"3 группа"
701	С149	"Сережки гвіздочки з ланцюжками"	"3 группа"
702	К132	"Комбіноване кольє з ланцюжками та кулоном"	"2 группа"
703	Ц33	"Вишуканий ланцюжок"	"2 группа"
704	Ц38	"Тендітний вкорочений ланцюжок"	"3 группа"
705	Ч159	"Вишуканий чокер з пташкою"	"2 группа"
706	К143	"Кольє з серцем"	"3 группа"
707	Ч118.2	"Вишуканий ніжний чокер"	"3 группа"
708	Б118.2	"Браслет з японського бісеру"	"3 группа"
709	"Ч135, Ч80"	"Комплект з двох чокерів: у зеленому кольорі та японського бісеру з  кулоном"	"3 группа"
71	Ч77	"Сяючий чокер у золотаво-коричневому кольорі"	"3 группа"
710	С154.1	"Сережки гвіздочки з ланцюжками"	"3 группа"
711	Ч156.1	"Чокер з квіткою"	"2 группа"
712	С156.1	"Сережки з білими квітами"	"2 группа"
713	К175	"Кольє з квіткою"	"2 группа"
714	"Ч169, Ч169.1"	"Комплект з двох чокерів"	"3 группа"
715	К100.2	"Кольє з серцем"	"2 группа"
719	К162	"Комбіноване кольє з ланцюжками та кулоном"	"2 группа"
72	Ч23	"Вишуканий комбінований чокер"	"3 группа"
720	Б162С	"Комбінований браслет з ланцюжками"	"2 группа"
721	"Ц9, С9.1"	Ланцюжок-краватка	"2 группа"
722	К171	"Комбіноване кольє з серцем"	"3 группа"
723	"К171, С107.3"	"Комплект з серцями"	"2 группа"
724	К185	"Комбіноване кольє з ланцюжками та кулоном"	"2 группа"
725	С185	"Сережки з серцями"	"2 группа"
726	К169	"Комбіноване кольє з ланцюжками"	"2 группа"
727	"С186С, С187С"	"Сережки акцентні гвіздочки та кафа"	"2 группа"
728	К162	"Комбіноване кольє з ланцюжками та кулоном"	"3 группа"
729	К114	"Кольє з цікавим з'ємним ланцюжком"	"2 группа"
73	С8	Сережки	"2 группа"
730	Ц55	"Стильна краватка з серцем"	"2 группа"
731	Ц9	Ланцюжок-краватка	"2 группа"
732	Ч161	"Вишукане кольє з серцем"	"2 группа"
733	Ч139	"Вишуканий чокер з сонцем"	"2 группа"
734	С222.1	"Романтичні сережки серця"	"2 группа"
735	К184	"Комбіноване кольє з ланцюжками"	"3 группа"
736	К188	"Стильне кольє з ланцюжками"	"3 группа"
737	К162.2С	"Комбіноване кольє з ланцюжками та кулоном"	"2 группа"
738	С55.4С	"Сережки з серцями"	"2 группа"
739	Б162.2С	"Комбінований браслет з ланцюжками"	"2 группа"
74	С21	"Сережки гвіздочки"	"3 группа"
740	Ц187	"Ланцюжок-краватка з лунницями"	"2 группа"
741	Ч124.4	"Сяючий чокер з лунницею"	"2 группа"
742	С52.1	"Вишукані сережки"	"2 группа"
743	К55	"Сяюче кольє з сонцем"	"3 группа"
744	С206	"Витончені сережки"	"3 группа"
745	Б206	"Різнобарвний браслет"	"3 группа"
746	К177	"Кольє з акцентною застібкою та кулоном"	"2 группа"
747	Б21.0	"Ніжний браслет"	"3 группа"
748	Б21.1	"Браслет з Вашою літерою"	"3 группа"
749	С184	Сережки-транформери	"2 группа"
75	Ц24.2	"Тендітний вкорочений  ланцюжок"	"3 группа"
750	К191.2	"Стильне кольє з ланцюжками"	"3 группа"
751	Ц215.С	"Ланцюжок-краватка біколор"	"2 группа"
752	R209	"Акцентна каблучка біколор з ювелірної сталі"	"2 группа"
753	Ц205	"Довгий ланцюжок"	"3 группа"
757	Ц116С	Ланцюжок-краватка	"2 группа"
758	Ц117	"Акцентний ланцюжок"	"2 группа"
76	Ц24.1	"Витончений ланцюжок краватка"	"3 группа"
760	Ц10	"Стильне блискуче кольє"	"2 группа"
761	Ц14	"Витончене кольє"	"3 группа"
762	С157.5С	"Сережки з конюшинами"	"2 группа"
763	С157.5	"Сережки з конюшинами"	"2 группа"
764	С157.4	"Сережки вишні"	"2 группа"
765	С4	"Сережки подовжені з ланцюжками"	"2 группа"
766	Ц53	"Ланцюжок з кулоном"	"2 группа"
767	ЧШ15	"Чорний шнур з кулоном"	"2 группа"
768	С136.С	"Сережки вишні"	"3 группа"
77	С21	"Довгі сережки з ланцюжка"	"3 группа"
774	Ч218	"Сяючий чокер з серцем"	"2 группа"
775	К201	"Стильне подвійне кольє"	"3 группа"
776	С81.2	"Подовжені  сережки у червоному кольорі"	"3 группа"
777	С56	"Сережки сонця"	"2 группа"
778	С135.2	"Асиметричні сережки"	"3 группа"
779	С135.1	"Асиметричні сережки"	"3 группа"
780	Ч80	"Чокер у  зеленому кольорі"	"3 группа"
781	БР1	Булавка	"3 группа"
782	БР2	Булавка	"2 группа"
783	БР4	Булавка	"2 группа"
784	БР3	Булавка	"2 группа"
785	БР5С	Булавка	"3 группа"
786	БР8	Булавка	"2 группа"
787	БР9	Булавка	"2 группа"
788	БР6	Булавка	"3 группа"
789	БР1С	Булавка	"3 группа"
79	Ц8	"Кольє з ланцюжка"	"2 группа"
790	БР5	Булавка	"3 группа"
791	БР10	Булавка	"3 группа"
792	Б162	"Комбінований браслет з ланцюжками"	"2 группа"
793	Б125	"Браслет блакитного кольору"	"2 группа"
794	К185.1	"Комбіноване кольє з ланцюжками та кулоном"	"2 группа"
795	С185.1	"Сережки з серцями"	"2 группа"
796	К253	"Комбіноване кольє з ланцюжками"	"3 группа"
797	С169	Сережки-гвіздочки	"2 группа"
798	К163	"Комбіноване кольє з серцем"	"2 группа"
799	К100.5	"Кольє з серцем"	"2 группа"
80	С47	"Сережки серця"	"2 группа"
800	К100.2С	"Кольє з серцем"	"2 группа"
801	К187	"Стильне кольє з ланцюжками"	"3 группа"
802	К222	"Кольє з квіткою"	"2 группа"
803	С156	"Сережки з рожевими квітами"	"2 группа"
804	К222.1	"Кольє з сонцем"	"2 группа"
805	К131	"Комбіноване кольє з ланцюжками та кулоном"	"2 группа"
806	К164	"Комбіноване кольє з ланцюжками та кулоном"	"2 группа"
807	К162.4С	"Комбіноване кольє з ланцюжками та кулоном"	"2 группа"
808	К223С	"Комбіноване кольє з ланцюжками та кулоном"	"2 группа"
809	К162.5	"Комбіноване кольє з ланцюжками та кулоном"	"2 группа"
810	К204	"Кольє з акцентним кулоном"	"2 группа"
811	С55.2	"Сережки кола"	"2 группа"
812	К193	"Кольє у чарівному синьому кольорі"	"3 группа"
813	С193	"Сережки з серцями"	"2 группа"
814	К169С	"Комбіноване кольє з ланцюжками"	"2 группа"
815	С169С	Сережки-гвіздочки	"2 группа"
816	К105.1	"Комбіноване кольє у зеленому кольорі з ланцюжками"	"2 группа"
817	К154	"Сяюче кольє з сонцем"	"3 группа"
818	К86С	"Комбіноване кольє з ланцюжками та кулоном"	"2 группа"
819	С98С	Сережки-трансформери	"2 группа"
820	К111	"Кольє з відбірного прозорого кришталю з двостороннім кулоном"	"2 группа"
821	с111	"Сережки-трансформери з двосторонніми підвісками"	"2 группа"
822	К100.3	"Кольє з горлицею"	"2 группа"
823	К257	"Кольє з акцентним кулоном"	"2 группа"
824	К162.1С	"Комбіноване кольє з ланцюжками та кулоном"	"2 группа"
825	К162.6	"Комбіноване кольє з ланцюжками та кулоном"	"2 группа"
826	К12.2	"Кольє з акцентною застібкою"	"3 группа"
827	С18	"Витончені сережки"	"3 группа"
828	К100.6	"Кольє з акцентною застібкою та кулоном"	"2 группа"
829	К202.10	"Кольє з акцентною застібкою та кулоном"	"2 группа"
83	Ч2.0	"Вишуканий чокер з серцем"	"3 группа"
831	К202.5	"Кольє з акцентною застібкою та кулоном"	"2 группа"
832	К166	"Кольє з акцентною застібкою та кулоном"	"2 группа"
833	К227	"Кольє з акцентною застібкою та кулоном"	"2 группа"
834	К224	"Кольє з сонцем"	"2 группа"
835	С227	Сережки-гвіздочки	"2 группа"
836	К115.1	"Кольє з Вашою літерою"	"2 группа"
837	К257.1	"Кольє з акцентним кулоном"	"2 группа"
838	К341	"Кольє з квіткою"	"2 группа"
839	Ч1010	"Кольє з акцентним кулоном"	"2 группа"
84	С8.С	Сережки	"2 группа"
840	Б140	"Витончений браслет"	"2 группа"
841	Ч160	"Яскравий чокер з лунницею"	"3 группа"
842	Б160	"Вишуканий яскравий браслет"	"3 группа"
843	С160.1	"Сережки гвіздочки"	"3 группа"
844	Ч209	"Сяючий чокер з лунницею"	"2 группа"
845	С209	"Сережки гвіздочки"	"2 группа"
846	К194	"Сяюче кольє з сонцем"	"3 группа"
847	К98	"Кольє  з ланцюжками та кулоном"	"2 группа"
848	С95.3	Сережки-трансформери	"2 группа"
849	К114.С	"Кольє з цікавим з'ємним ланцюжком"	"2 группа"
85	Ч101.2С	"Блискучий чокер у срібному кольорі з кулоном"	"3 группа"
850	Ч133	"Сяючий чокер з серцем"	"2 группа"
851	Ч160.2	"Чокер у  зеленому кольорі з кулоном"	"3 группа"
852	Ч127	"Подвійне сяюче кольє"	"2 группа"
853	С153	"Сережки гвіздочки"	"2 группа"
854	Ч82.1.1	"Чокер з літерою"	"3 группа"
855	Ч252	"Сяючий чокер з зіркою"	"2 группа"
856	К329	"Кольє з Вашою літерою"	"2 группа"
857	Ц219	"Ланцюжок-краватка з серцем"	"2 группа"
858	Ч1	"Вишуканий ніжний чокер"	"3 группа"
859	Б24	"Браслет з японського бісеру"	"3 группа"
860	Ц11	"Кольє з ланцюжків біколор"	"2 группа"
861	К333	"Комбіноване кольє з квіткою"	"3 группа"
862	С333	Сережки-трансформери	"3 группа"
863	К312	"Комбіноване кольє з ланцюжками та кулоном"	"2 группа"
864	С312	Сережки-трансформери	"2 группа"
865	Ц230С	"Кольє з акцентною застібкою"	"2 группа"
866	Б230С	"Браслет з акцентною застібкою"	"2 группа"
867	Б93С	"Браслет з невидимою застібкою"	"2 группа"
868	Ч155	"Ніжний чокер на прозорій основі"	"2 группа"
869	К203С	"Кольє у зеленому кольорі з серцем"	"3 группа"
87	Ц903	"Кольє біколор з акцентного ланцюжка"	"2 группа"
870	К202	"Кольє з акцентною застібкою"	"2 группа"
872	К137	"Кольє з ланцюжком та акцентним кулоном"	"3 группа"
873	К171.2	"Комбіноване кольє з кулоном"	"3 группа"
874	Ц211	"Трендовий ланцюжок з кульками"	"2 группа"
875		"Подарунковий пакет"	"2 группа"
876	К72	"Вишукане кольє"	"2 группа"
877	К202.9	"Кольє з акцентною застібкою та кулоном"	"2 группа"
878	К202.2	"Кольє з акцентною застібкою та кулоном"	"2 группа"
879	К175.4	"Кольє з серцем"	"2 группа"
88	Б903.1	"Браслет біколор з акцентного ланцюжка"	"2 группа"
880	К175.2	"Кольє з квіткою"	"2 группа"
881	К202.8	"Кольє з акцентною застібкою та кулоном"	"2 группа"
883	ЧШ5.2	"Червоний шнур з кулоном серце"	"2 группа"
884	Ц21.0	"Ланцюжок з кулоном"	"2 группа"
885	Ц167	"Вкорочений ланцюжок з серцями"	"2 группа"
886	К292	"Кольє з серцем"	"2 группа"
887	Ц16	"Ланцюжок з кулоном"	"2 группа"
888	С113	"Сережки серця"	"2 группа"
889	Ц58	"Тендітна блискуча краватка"	"2 группа"
89	С903.1	"Сережки біколор"	"2 группа"
890	Ч181	"Сяюча основа чокер"	"2 группа"
891	Ч181С	"Сяюча основа чокер"	"2 группа"
892	СХІТ.С	"Сережки зі зйомними звенами"	"2 группа"
893	С252	"Сережки зірки"	"2 группа"
894	К170С	"Кольє з сонцем"	"2 группа"
895	Ч115.8	"Чокер з акцентом на прозорій основі"	"2 группа"
896	К255	"Кольє з акцентним кулоном"	"2 группа"
897	К120	"Комбіноване кольє з ланцюжками"	"2 группа"
898	С120	"Сережки з серцями"	"2 группа"
900	К289	"Комбіноване прозоре кольє з ланцюжками та пташкою"	"2 группа"
901	К171.3	"Комбіноване кольє з квіткою"	"2 группа"
902	Б312	"Браслет з квіткою"	"2 группа"
903	Б201	"Вишуканий яскравий браслет"	"3 группа"
904	Б40	"Вишуканий браслет"	"2 группа"
905	Ч302	"Вишукане кольє"	"2 группа"
906	Ц215	Ланцюжок-краватка	"2 группа"
907	Ц257С	Ланцюжок-краватка	"2 группа"
908	Ц314	"Витончений ланцюжок-краватка"	"3 группа"
909	С314	"Сережки гвіздочки з ланцюжками"	"3 группа"
910	Ц184	"Подвійний ланцюжок з серцями"	"2 группа"
911	Ч316	"Ніжний чокер з вставками"	"3 группа"
912	Б316	"Ніжний браслет"	"3 группа"
913	С15	"Витончені сережки"	"3 группа"
914	БР17С	"Вишукана подвійна булавка"	"2 группа"
915	БР11С	"Булавка з серцем"	"2 группа"
916	БР14С	"Булавка з вашою літерою"	"2 группа"
917	БР14	"Булавка з вашою літерою"	"2 группа"
918	Б310С	"Акцентний браслет з ланцюжками"	"2 группа"
919	Б291	"Стильний браслет космічного кольору"	"2 группа"
920	Б45	"Браслет зеленого кольору"	"3 группа"
921	С81.6	"Подовжені  сережки у зеленому кольорі"	"3 группа"
922	Ц22.КП	"Вишуканий ланцюжок краватка"	"3 группа"
923	Б323	"Ніжний браслет"	"3 группа"
924	С21.КП	"Сережки гвіздочки з ланцюжками"	"3 группа"
925	Б18.1	"Браслет з японського бісеру"	"3 группа"
926	Б22	"Ніжний браслет з серцем"	"3 группа"
927	R3	"Каблучка з кулькою срібного кольору"	"3 группа"
928	БР17	"Вишукана подвійна булавка"	"2 группа"
929	К400С	"Комбіноване кольє з ланцюжками та кулоном"	"2 группа"
930	К402	"Кольє з сонцем"	"2 группа"
931	Б320	"Браслет з Вашою літерою"	"2 группа"
932	К419	"Комбіноване кольє з ланцюжками та кулоном"	"2 группа"
933	"К70С, С95.2"	"Стильний комплект з серцями"	"2 группа"
934	"К162С, С107.3"	"Комплект: кольє з ланцюжками та сережки"	"2 группа"
935	Ч334	"Ніжний блискучий чокер"	"3 группа"
936	С357	"Сережки гвіздочки"	"3 группа"
937	Ч326	"Чокер у білому кольорі з лунницею"	"2 группа"
938	К415	"Кольє з серцем"	"2 группа"
939	К334	"Комбіноване кольє з колоском"	"3 группа"
94	К7	"Кольє у ліловому кольорі з сонцем"	"3 группа"
940	К431	"Комбіноване кольє з ланцюжками та кулоном"	"2 группа"
941	К428	"Комбіноване кольє у блакитному кольору"	"2 группа"
943	К423	"Ніжне кольє"	"3 группа"
944	К421	"Сяюче кольє з сонцем"	"3 группа"
945	Ч323С	"Сяючий чокер у срібному кольорі з колом"	"3 группа"
946	Ч427	"Чокер з лунницею"	"3 группа"
947	Б218	"Витончений браслет з серцем"	"2 группа"
948	Б334	"Браслет з ніжним акцентом"	"3 группа"
949	Б319	"Браслет з колоском"	"2 группа"
950	Ч426	"Сяючий чокер"	"2 группа"
951	Ц263	"Ланцюжок з кулоном"	"2 группа"
98	Б59	"Сяючий браслет"	"3 группа"
99	Б25	"Браслет з японського бісеру"	"2 группа"
